matrix_size,speedup,error
500,0.950004,0.00e+00
1000,0.805310,0.00e+00
2000,1.405778,0.00e+00
5000,1.516960,0.00e+00
