matrix_size,time_serial,time_parallel
500,0.038000,0.040000
1000,0.182000,0.226000
2000,2.141000,1.523000
5000,47.449000,31.279000
